2025-11-25_13-41-57,0,draft.py:2025-11-25_13-41-57
2025-11-25_13-57-53,0,draft.py:2025-11-25_13-57-53
2025-11-25_14-09-34,0,draft.py:2025-11-25_14-09-34
2025-11-25_14-09-35,0,draft.py:2025-11-25_14-09-34
2025-11-25_14-24-39,0,draft.py:2025-11-25_14-24-39
2025-11-25_14-24-40,0,draft.py:2025-11-25_14-24-39
2025-11-25_14-30-43,0,draft.py:2025-11-25_14-30-43
2025-11-25_14-31-00,---,draft.py:2025-11-25_14-30-43
2025-11-25_14-31-48,0,draft.py:2025-11-25_14-31-48
2025-11-25_14-31-56,0,draft.py:2025-11-25_14-31-48
2025-11-25_14-31-59,---,draft.py:2025-11-25_14-31-48
2025-11-25_14-33-00,0,draft.py:2025-11-25_14-33-00
2025-11-25_14-34-25,0,draft.py:2025-11-25_14-34-25
2025-11-25_14-34-26,0,draft.py:2025-11-25_14-34-25
2025-11-25_14-44-34,0,draft.py:2025-11-25_14-44-34
2025-11-25_16-15-42,0,draft.py:2025-11-25_16-15-42
2025-11-29_19-42-22,0,draft.py:2025-11-25_16-15-42
2025-11-29_19-42-32,0,draft.py:2025-11-29_19-42-32
2025-11-29_20-22-16,0,draft.py:2025-11-29_19-42-32
2025-11-29_20-22-45,0,draft.py:2025-11-29_19-42-32
2025-11-29_20-59-52,0,draft.py:2025-11-29_19-42-32
2025-11-29_21-00-03,0,draft.py:2025-11-29_19-42-32
2025-11-29_21-34-35,0,draft.py:2025-11-29_19-42-32
2025-11-29_21-47-06,0,draft.py:2025-11-29_21-47-06
2025-11-29_21-58-38,0,draft.py:2025-11-29_21-58-38
2025-11-29_21-58-48,0,draft.py:2025-11-29_21-58-38
2025-11-29_22-08-06,0,draft.py:2025-11-29_22-08-06
2025-11-29_22-08-35,0,draft.py:2025-11-29_22-08-35
2025-11-29_22-08-45,0,draft.py:2025-11-29_22-08-45
2025-11-29_22-10-51,---,draft.py:2025-11-29_22-08-45
2025-11-29_22-26-40,0,draft.py:2025-11-29_22-26-40
2025-11-29_22-28-03,0,draft.py:2025-11-29_22-28-03
2025-11-29_22-31-21,0,draft.py:2025-11-29_22-31-21
2025-11-29_22-31-32,0,draft.py:2025-11-29_22-31-32
2025-11-29_22-35-11,0,draft.py:2025-11-29_22-35-11
2025-11-29_22-35-23,0,draft.py:2025-11-29_22-35-23
2025-11-29_22-47-34,0,draft.py:2025-11-29_22-47-34
2025-11-29_22-48-10,0,draft.py:2025-11-29_22-48-10
2025-11-29_22-48-39,0,draft.py:2025-11-29_22-48-39
2025-11-29_22-49-47,0,draft.py:2025-11-29_22-49-47
2025-11-29_22-53-31,0,draft.py:2025-11-29_22-53-31
2025-11-29_22-55-21,0,draft.py:2025-11-29_22-53-31
2025-11-29_22-56-51,0,draft.py:2025-11-29_22-53-31
2025-11-29_22-58-40,0,draft.py:2025-11-29_22-58-40
2025-11-29_23-00-28,0,draft.py:2025-11-29_23-00-28
2025-11-29_23-01-16,0,draft.py:2025-11-29_23-01-16
2025-11-29_23-01-40,0,draft.py:2025-11-29_23-01-40
2025-11-29_23-02-09,0,draft.py:2025-11-29_23-02-09
2025-11-29_23-02-27,0,draft.py:2025-11-29_23-02-27
2025-11-29_23-03-47,0,draft.py:2025-11-29_23-03-47
2025-11-29_23-06-28,0,draft.py:2025-11-29_23-06-28
2025-11-29_23-06-41,0,draft.py:2025-11-29_23-06-41
2025-11-29_23-07-01,0,draft.py:2025-11-29_23-07-01
2025-11-29_23-07-19,0,draft.py:2025-11-29_23-07-19
2025-11-29_23-08-24,0,draft.py:2025-11-29_23-08-24
2025-11-29_23-08-39,0,draft.py:2025-11-29_23-08-39
2025-11-29_23-09-55,0,draft.py:2025-11-29_23-09-55
2025-11-29_23-09-58,0,draft.py:2025-11-29_23-09-55
2025-11-29_23-10-35,0,draft.py:2025-11-29_23-10-35
2025-11-29_23-12-33,0,draft.py:2025-11-29_23-10-35
2025-11-29_23-13-07,0,draft.py:2025-11-29_23-13-07
2025-11-29_23-13-52,25,draft.py:2025-11-29_23-13-52
2025-11-29_23-14-59,25,draft.py:2025-11-29_23-13-52
2025-11-29_23-24-02,25,draft.py:2025-11-29_23-13-52
2025-11-29_23-24-18,25,draft.py:2025-11-29_23-13-52
2025-11-29_23-34-10,25,draft.py:2025-11-29_23-13-52
2025-11-29_23-34-19,25,draft.py:2025-11-29_23-13-52
2025-11-30_00-06-21,25,draft.py:2025-11-29_23-13-52
2025-11-30_00-06-37,25,draft.py:2025-11-29_23-13-52
2025-11-30_00-24-22,25,draft.py:2025-11-29_23-13-52
2025-11-30_00-46-58,25,draft.py:2025-11-29_23-13-52
2025-12-02_12-09-09,25,draft.py:2025-11-29_23-13-52
2025-12-02_13-20-57,25,draft.py:2025-11-29_23-13-52
2025-12-02_13-27-22,25,draft.py:2025-12-02_13-27-22
2025-12-02_13-39-13,---,draft.py:2025-12-02_13-39-13
2025-12-02_13-41-46,37,draft.py:2025-12-02_13-39-13
2025-12-02_13-42-53,37,draft.py:2025-12-02_13-39-13
2025-12-02_13-55-54,37,draft.py:2025-12-02_13-55-54
2025-12-02_14-07-17,37,draft.py:2025-12-02_14-07-17
2025-12-02_14-13-18,62,draft.py:2025-12-02_14-13-18
2025-12-02_14-13-42,62,draft.py:2025-12-02_14-13-18
2025-12-02_14-31-42,62,draft.py:2025-12-02_14-13-18
2025-12-02_14-31-56,62,draft.py:2025-12-02_14-13-18
2025-12-02_14-34-17,62,draft.py:2025-12-02_14-13-18
2025-12-02_14-48-01,62,draft.py:2025-12-02_14-13-18
2025-12-02_14-48-50,62,draft.py:2025-12-02_14-13-18
2025-12-02_14-55-09,62,draft.py:2025-12-02_14-13-18
2025-12-02_15-04-08,62,draft.py:2025-12-02_15-04-08
2025-12-02_15-10-52,62,draft.py:2025-12-02_15-04-08
2025-12-02_15-11-15,62,draft.py:2025-12-02_15-04-08
2025-12-02_15-14-05,62,draft.py:2025-12-02_15-04-08
2025-12-02_16-24-16,62,draft.py:2025-12-02_15-04-08
2025-12-02_16-24-30,62,draft.py:2025-12-02_15-04-08
2025-12-02_16-32-08,62,draft.py:2025-12-02_15-04-08
2025-12-03_09-59-41,62,draft.py:2025-12-02_15-04-08
2025-12-03_10-06-21,62,draft.py:2025-12-03_10-06-21
2025-12-03_10-07-37,62,draft.py:2025-12-03_10-07-37
2025-12-03_10-09-00,62,draft.py:2025-12-03_10-07-37
2025-12-03_10-09-43,62,draft.py:2025-12-03_10-07-37
2025-12-03_10-09-54,62,draft.py:2025-12-03_10-07-37
2025-12-03_10-30-38,75,draft.py:2025-12-03_10-30-38
2025-12-03_10-33-17,75,draft.py:2025-12-03_10-30-38
2025-12-03_10-33-28,75,draft.py:2025-12-03_10-30-38
2025-12-03_10-33-40,75,draft.py:2025-12-03_10-30-38
2025-12-03_10-40-19,75,draft.py:2025-12-03_10-40-19
2025-12-03_10-43-23,25,draft.py:2025-12-03_10-43-23
2025-12-03_10-44-10,75,draft.py:2025-12-03_10-44-10
2025-12-03_10-44-20,75,draft.py:2025-12-03_10-44-10
2025-12-03_10-44-53,75,draft.py:2025-12-03_10-44-10
2025-12-03_10-44-54,75,draft.py:2025-12-03_10-44-10
2025-12-03_10-48-32,25,draft.py:2025-12-03_10-48-32
2025-12-03_10-49-22,75,draft.py:2025-12-03_10-49-22
2025-12-03_10-51-54,87,draft.py:2025-12-03_10-51-54
2025-12-03_10-52-13,87,draft.py:2025-12-03_10-51-54
2025-12-03_10-52-15,87,draft.py:2025-12-03_10-51-54
2025-12-03_10-52-50,87,draft.py:2025-12-03_10-51-54
2025-12-03_10-52-52,87,draft.py:2025-12-03_10-51-54
2025-12-03_10-53-38,0,draft.py:2025-12-03_10-53-38
2025-12-03_10-53-52,87,draft.py:2025-12-03_10-53-52
2025-12-03_10-54-01,87,draft.py:2025-12-03_10-53-52
2025-12-03_10-54-39,100,draft.py:2025-12-03_10-54-39
2025-12-03_10-54-48,100,draft.py:2025-12-03_10-54-39
2025-12-03_10-54-51,100,draft.py:2025-12-03_10-54-39
